{
    "accuracy": 0.9658952496954933,
    "precision": 0.9578596043741351,
    "recall": 0.8385961413166327
}