{
    "accuracy": 0.9695493300852619,
    "precision": 0.9712719679832956,
    "recall": 0.9695493300852619
}